date,CD91
20000104,7.35
20000105,7.37
20000106,7.38
20000107,7.38
20000110,7.36
20000111,7.36
20000112,7.36
20000113,7.35
20000114,7.33
20000117,7.31
20000118,7.29
20000119,7.25
20000120,7.2
20000121,7.2
20000124,7.2
20000125,7.2
20000126,7.2
20000127,7.2
20000128,7.2
20000131,7.2
20000201,7.2
20000202,7.2
20000203,7.2
20000207,7.2
20000208,7.2
20000209,7.2
20000210,7.2
20000211,7.15
20000214,7.15
20000215,7.14
20000216,7.13
20000217,7.12
20000218,7.11
20000221,7.11
20000222,7.1
20000223,7.1
20000224,7.08
20000225,7.05
20000228,7.03
20000229,7.01
20000302,7.01
20000303,7.01
20000306,6.99
20000307,7
20000308,6.99
20000309,6.99
20000310,6.99
20000313,6.99
20000314,6.99
20000315,7
20000316,7
20000317,7
20000320,7
20000321,7
20000322,7
20000323,7
20000324,7
20000327,7
20000328,7
20000329,7
20000330,7
20000331,7.01
20000403,7
20000404,7
20000406,7
20000407,7
20000410,7.01
20000411,7
20000412,7.02
20000414,7.05
20000417,7.09
20000418,7.1
20000419,7.1
20000420,7.1
20000421,7.1
20000424,7.1
20000425,7.1
20000426,7.1
20000427,7.1
20000428,7.1
20000502,7.1
20000503,7.1
20000504,7.1
20000508,7.1
20000509,7.11
20000510,7.12
20000512,7.13
20000515,7.15
20000516,7.15
20000517,7.15
20000518,7.15
20000519,7.15
20000522,7.15
20000523,7.16
20000524,7.16
20000525,7.16
20000526,7.16
20000529,7.16
20000530,7.16
20000531,7.16
20000601,7.16
20000602,7.16
20000605,7.16
20000607,7.16
20000608,7.16
20000609,7.16
20000612,7.16
20000613,7.18
20000614,7.18
20000615,7.18
20000616,7.19
20000619,7.18
20000620,7.18
20000621,7.18
20000622,7.18
20000623,7.18
20000626,7.18
20000627,7.18
20000628,7.18
20000629,7.18
20000630,7.18
20000703,7.18
20000704,7.18
20000705,7.18
20000706,7.18
20000707,7.18
20000710,7.18
20000711,7.18
20000712,7.18
20000713,7.18
20000714,7.18
20000718,7.17
20000719,7.16
20000720,7.15
20000721,7.15
20000724,7.11
20000725,7.1
20000726,7.08
20000727,7.09
20000728,7.07
20000731,7.06
20000801,7.06
20000802,7.05
20000803,7.05
20000804,7.05
20000807,7.05
20000808,7.05
20000809,7.04
20000810,7.04
20000811,7.04
20000814,7.04
20000816,7.04
20000817,7.04
20000818,7.04
20000821,7.04
20000822,7.04
20000823,7.03
20000824,7.04
20000825,7.04
20000828,7.04
20000829,7.05
20000830,7.05
20000831,7.05
20000901,7.05
20000904,7.05
20000905,7.05
20000906,7.05
20000907,7.05
20000908,7.04
20000914,7.05
20000915,7.05
20000918,7.05
20000919,7.05
20000920,7.05
20000921,7.05
20000922,7.05
20000925,7.05
20000926,7.05
20000927,7.05
20000928,7.05
20000929,7.05
20001002,7.05
20001004,7.05
20001005,7.05
20001006,7.05
20001009,7.04
20001010,7.04
20001011,7.04
20001012,7.04
20001013,7.04
20001016,7.04
20001017,7.04
20001018,7.04
20001019,7.04
20001020,7.04
20001023,7.04
20001024,7.04
20001025,7.04
20001026,7.04
20001027,7.03
20001030,7.02
20001031,7.02
20001101,7.02
20001102,7.02
20001103,7.02
20001106,7.02
20001107,7.02
20001108,7.01
20001109,7
20001110,7
20001113,7
20001114,7
20001115,7
20001116,6.99
20001117,6.99
20001120,6.99
20001121,6.99
20001122,6.98
20001123,6.98
20001124,6.97
20001127,6.95
20001128,6.94
20001129,6.94
20001130,6.94
20001201,6.92
20001204,6.9
20001205,6.9
20001206,6.9
20001207,6.9
20001208,6.9
20001211,6.9
20001212,6.9
20001213,6.9
20001214,6.88
20001215,6.88
20001218,6.88
20001219,6.88
20001220,6.88
20001221,6.88
20001222,6.88
20001226,6.88
20010102,6.88
20010103,6.87
20010104,6.77
20010105,6.68
20010108,6.66
20010109,6.64
20010110,6.64
20010111,6.62
20010112,6.59
20010115,6.57
20010116,6.55
20010117,6.37
20010118,6.24
20010119,6.16
20010122,6.08
20010126,6.05
20010129,6.04
20010130,6
20010131,5.94
20010201,5.91
20010202,5.89
20010205,5.86
20010206,5.83
20010207,5.8
20010208,5.8
20010209,5.78
20010212,5.75
20010213,5.73
20010214,5.69
20010215,5.67
20010216,5.66
20010219,5.63
20010220,5.61
20010221,5.62
20010222,5.62
20010223,5.65
20010226,5.68
20010227,5.69
20010228,5.68
20010302,5.67
20010305,5.66
20010306,5.67
20010307,5.68
20010308,5.69
20010309,5.68
20010312,5.68
20010313,5.68
20010314,5.68
20010315,5.67
20010316,5.67
20010319,5.67
20010320,5.67
20010321,5.68
20010322,5.69
20010323,5.69
20010326,5.69
20010327,5.69
20010328,5.7
20010329,5.7
20010330,5.7
20010402,5.74
20010403,5.81
20010404,5.87
20010406,5.87
20010409,5.87
20010410,5.84
20010411,5.84
20010412,5.83
20010413,5.83
20010416,5.83
20010417,5.83
20010418,5.83
20010419,5.83
20010420,5.83
20010423,5.83
20010424,5.83
20010425,5.84
20010426,5.86
20010427,5.89
20010430,5.92
20010502,5.9
20010503,5.9
20010504,5.89
20010507,5.89
20010508,5.89
20010509,5.89
20010510,5.89
20010511,5.89
20010514,5.89
20010515,5.89
20010516,5.88
20010517,5.87
20010518,5.85
20010521,5.83
20010522,5.83
20010523,5.83
20010524,5.82
20010525,5.82
20010528,5.81
20010529,5.8
20010530,5.78
20010531,5.77
20010601,5.76
20010604,5.74
20010605,5.74
20010607,5.74
20010608,5.73
20010611,5.73
20010612,5.7
20010613,5.67
20010614,5.64
20010615,5.62
20010618,5.61
20010619,5.61
20010620,5.6
20010621,5.6
20010622,5.6
20010625,5.59
20010626,5.58
20010627,5.57
20010628,5.57
20010629,5.57
20010702,5.56
20010703,5.55
20010704,5.53
20010705,5.5
20010706,5.46
20010709,5.44
20010710,5.43
20010711,5.41
20010712,5.38
20010713,5.37
20010716,5.35
20010718,5.33
20010719,5.29
20010720,5.22
20010723,5.17
20010724,5.16
20010725,5.14
20010726,5.12
20010727,5.11
20010730,5.11
20010731,5.14
20010801,5.13
20010802,5.12
20010803,5.11
20010806,5.1
20010807,5.1
20010808,5.1
20010809,5
20010810,4.9
20010813,4.84
20010814,4.84
20010816,4.86
20010817,4.85
20010820,4.84
20010821,4.84
20010822,4.83
20010823,4.82
20010824,4.82
20010827,4.82
20010828,4.82
20010829,4.81
20010830,4.82
20010831,4.81
20010903,4.8
20010904,4.8
20010905,4.81
20010906,4.81
20010907,4.81
20010910,4.81
20010911,4.81
20010912,4.81
20010913,4.81
20010914,4.81
20010917,4.81
20010918,4.81
20010919,4.54
20010920,4.49
20010921,4.47
20010924,4.44
20010925,4.43
20010926,4.42
20010927,4.42
20010928,4.41
20011004,4.37
20011005,4.34
20011008,4.29
20011009,4.26
20011010,4.26
20011011,4.27
20011012,4.38
20011015,4.36
20011016,4.37
20011017,4.38
20011018,4.39
20011019,4.37
20011022,4.37
20011023,4.36
20011024,4.37
20011025,4.38
20011026,4.39
20011029,4.39
20011030,4.39
20011031,4.38
20011101,4.38
20011102,4.38
20011105,4.39
20011106,4.39
20011107,4.38
20011108,4.39
20011109,4.39
20011112,4.39
20011113,4.39
20011114,4.45
20011115,4.53
20011116,4.57
20011119,4.59
20011120,4.59
20011121,4.61
20011122,4.65
20011123,4.66
20011126,4.69
20011127,4.74
20011128,4.75
20011129,4.76
20011130,4.76
20011203,4.76
20011204,4.76
20011205,4.77
20011206,4.83
20011207,4.83
20011210,4.87
20011211,4.88
20011212,4.89
20011213,4.87
20011214,4.87
20011217,4.87
20011218,4.86
20011219,4.86
20011220,4.86
20011221,4.86
20011224,4.86
20011226,4.85
20011227,4.86
20011228,4.86
20020102,4.87
20020103,4.88
20020104,4.88
20020107,4.88
20020108,4.88
20020109,4.88
20020110,4.87
20020111,4.86
20020114,4.84
20020115,4.81
20020116,4.79
20020117,4.77
20020118,4.76
20020121,4.75
20020122,4.75
20020123,4.74
20020124,4.71
20020125,4.7
20020128,4.7
20020129,4.69
20020130,4.68
20020131,4.67
20020201,4.65
20020204,4.64
20020205,4.61
20020206,4.6
20020207,4.59
20020208,4.55
20020214,4.54
20020215,4.53
20020218,4.51
20020219,4.5
20020220,4.5
20020221,4.49
20020222,4.49
20020225,4.48
20020226,4.47
20020227,4.47
20020228,4.45
20020304,4.45
20020305,4.45
20020306,4.46
20020307,4.45
20020308,4.49
20020311,4.5
20020312,4.5
20020313,4.54
20020314,4.55
20020315,4.6
20020318,4.61
20020319,4.7
20020320,4.77
20020321,4.8
20020322,4.8
20020325,4.82
20020326,4.83
20020327,4.84
20020328,4.84
20020329,4.83
20020401,4.82
20020402,4.83
20020403,4.83
20020404,4.83
20020408,4.83
20020409,4.83
20020410,4.82
20020411,4.82
20020412,4.82
20020415,4.81
20020416,4.81
20020417,4.79
20020418,4.77
20020419,4.76
20020422,4.75
20020423,4.74
20020424,4.74
20020425,4.74
20020426,4.73
20020429,4.72
20020430,4.72
20020502,4.71
20020503,4.7
20020506,4.69
20020507,4.76
20020508,4.8
20020509,4.82
20020510,4.81
20020513,4.81
20020514,4.81
20020515,4.82
20020516,4.83
20020517,4.84
20020520,4.84
20020521,4.85
20020522,4.85
20020523,4.84
20020524,4.83
20020527,4.83
20020528,4.83
20020529,4.83
20020530,4.83
20020531,4.83
20020603,4.83
20020604,4.83
20020605,4.83
20020607,4.83
20020610,4.83
20020611,4.83
20020612,4.83
20020614,4.84
20020617,4.83
20020618,4.83
20020619,4.84
20020620,4.84
20020621,4.85
20020624,4.86
20020625,4.88
20020626,4.89
20020627,4.9
20020628,4.91
20020702,4.91
20020703,4.91
20020704,4.92
20020705,4.94
20020708,4.94
20020709,4.95
20020710,4.95
20020711,4.95
20020712,4.95
20020715,4.95
20020716,4.95
20020718,4.95
20020719,4.94
20020722,4.92
20020723,4.91
20020724,4.89
20020725,4.86
20020726,4.85
20020729,4.84
20020730,4.84
20020731,4.84
20020801,4.84
20020802,4.83
20020805,4.81
20020806,4.81
20020807,4.8
20020808,4.8
20020809,4.8
20020812,4.8
20020813,4.8
20020814,4.79
20020816,4.79
20020819,4.79
20020820,4.79
20020821,4.8
20020822,4.8
20020823,4.8
20020826,4.8
20020827,4.8
20020828,4.8
20020829,4.8
20020830,4.8
20020902,4.8
20020903,4.8
20020904,4.8
20020905,4.8
20020906,4.8
20020909,4.8
20020910,4.8
20020911,4.8
20020912,4.8
20020913,4.8
20020916,4.8
20020917,4.82
20020918,4.82
20020919,4.82
20020923,4.82
20020924,4.82
20020925,4.82
20020926,4.82
20020927,4.84
20020930,4.86
20021001,4.86
20021002,4.86
20021004,4.87
20021007,4.87
20021008,4.87
20021009,4.87
20021010,4.87
20021011,4.89
20021014,4.9
20021015,4.91
20021016,4.92
20021017,4.93
20021018,4.94
20021021,4.94
20021022,4.94
20021023,4.94
20021024,4.94
20021025,4.94
20021028,4.94
20021029,4.94
20021030,4.94
20021031,4.94
20021101,4.94
20021104,4.94
20021105,4.94
20021106,4.94
20021107,4.94
20021108,4.93
20021111,4.92
20021112,4.91
20021113,4.91
20021114,4.91
20021115,4.91
20021118,4.9
20021119,4.89
20021120,4.89
20021121,4.89
20021122,4.89
20021125,4.89
20021126,4.89
20021127,4.89
20021128,4.9
20021129,4.9
20021202,4.9
20021203,4.9
20021204,4.9
20021205,4.9
20021206,4.9
20021209,4.9
20021210,4.9
20021211,4.9
20021212,4.9
20021213,4.9
20021216,4.9
20021217,4.9
20021218,4.9
20021220,4.9
20021223,4.9
20021224,4.9
20021226,4.9
20021227,4.9
20021230,4.9
20030102,4.9
20030103,4.9
20030106,4.9
20030107,4.89
20030108,4.86
20030109,4.84
20030110,4.81
20030113,4.81
20030114,4.76
20030115,4.74
20030116,4.66
20030117,4.63
20030120,4.6
20030121,4.59
20030122,4.58
20030123,4.56
20030124,4.56
20030127,4.56
20030128,4.55
20030129,4.54
20030130,4.55
20030203,4.55
20030204,4.55
20030205,4.55
20030206,4.54
20030207,4.54
20030210,4.54
20030211,4.53
20030212,4.53
20030213,4.53
20030214,4.53
20030217,4.54
20030218,4.54
20030219,4.54
20030220,4.54
20030221,4.54
20030224,4.54
20030225,4.54
20030226,4.54
20030227,4.53
20030228,4.53
20030303,4.53
20030304,4.53
20030305,4.53
20030306,4.53
20030307,4.53
20030310,4.52
20030311,4.51
20030312,4.7
20030313,5.04
20030314,5.04
20030317,5.06
20030318,5.06
20030319,4.97
20030320,4.91
20030321,4.88
20030324,4.86
20030325,4.81
20030326,4.76
20030327,4.75
20030328,4.73
20030331,4.7
20030401,4.7
20030402,4.7
20030403,4.69
20030404,4.69
20030407,4.69
20030408,4.69
20030409,4.69
20030410,4.64
20030411,4.61
20030414,4.61
20030415,4.59
20030416,4.59
20030417,4.58
20030418,4.58
20030421,4.57
20030422,4.57
20030423,4.57
20030424,4.57
20030425,4.57
20030428,4.55
20030429,4.55
20030430,4.54
20030502,4.51
20030506,4.51
20030507,4.51
20030509,4.49
20030512,4.49
20030513,4.43
20030514,4.41
20030515,4.39
20030516,4.39
20030519,4.35
20030520,4.33
20030521,4.32
20030522,4.33
20030523,4.33
20030526,4.33
20030527,4.33
20030528,4.32
20030529,4.3
20030530,4.3
20030602,4.3
20030603,4.3
20030604,4.3
20030605,4.3
20030609,4.29
20030610,4.29
20030611,4.29
20030612,4.27
20030613,4.26
20030616,4.26
20030617,4.26
20030618,4.26
20030619,4.26
20030620,4.27
20030623,4.28
20030624,4.28
20030625,4.28
20030626,4.29
20030627,4.29
20030630,4.3
20030701,4.3
20030702,4.3
20030703,4.31
20030704,4.33
20030707,4.33
20030708,4.34
20030709,4.34
20030710,4.24
20030711,4.19
20030714,4.18
20030715,4.12
20030716,4.11
20030718,4.09
20030721,4.05
20030722,4.05
20030723,4.02
20030724,4.02
20030725,4.01
20030728,4.01
20030729,3.98
20030730,3.97
20030731,3.96
20030801,3.95
20030804,3.94
20030805,3.93
20030806,3.93
20030807,3.93
20030808,3.92
20030811,3.92
20030812,3.91
20030813,3.9
20030814,3.9
20030818,3.9
20030819,3.9
20030820,3.88
20030821,3.88
20030822,3.87
20030825,3.86
20030826,3.85
20030827,3.85
20030828,3.85
20030829,3.85
20030901,3.85
20030902,3.85
20030903,3.85
20030904,3.84
20030905,3.84
20030908,3.83
20030909,3.83
20030915,3.82
20030916,3.82
20030917,3.81
20030918,3.81
20030919,3.8
20030922,3.8
20030923,3.8
20030924,3.8
20030925,3.82
20030926,3.9
20030929,3.9
20030930,3.89
20031001,3.88
20031002,3.88
20031006,3.88
20031007,3.88
20031008,3.88
20031009,3.88
20031010,3.88
20031013,3.88
20031014,3.88
20031015,3.91
20031016,3.92
20031017,3.93
20031020,3.94
20031021,3.94
20031022,3.94
20031023,3.94
20031024,3.96
20031027,3.97
20031028,3.99
20031029,4.03
20031030,4.04
20031031,4.05
20031103,4.09
20031104,4.14
20031105,4.15
20031106,4.16
20031107,4.17
20031110,4.2
20031111,4.21
20031112,4.24
20031113,4.25
20031114,4.25
20031117,4.25
20031118,4.27
20031119,4.26
20031120,4.26
20031121,4.26
20031124,4.27
20031125,4.27
20031126,4.27
20031127,4.27
20031128,4.28
20031201,4.31
20031202,4.31
20031203,4.32
20031204,4.33
20031205,4.33
20031208,4.33
20031209,4.34
20031210,4.35
20031211,4.35
20031212,4.35
20031215,4.35
20031216,4.35
20031217,4.35
20031218,4.35
20031219,4.35
20031222,4.35
20031223,4.35
20031224,4.35
20031226,4.35
20031229,4.35
20031230,4.36
20040102,4.33
20040105,4.33
20040106,4.33
20040107,4.33
20040108,4.33
20040109,4.3
20040112,4.27
20040113,4.27
20040114,4.27
20040115,4.24
20040116,4.24
20040119,4.24
20040120,4.24
20040126,4.22
20040127,4.21
20040128,4.2
20040129,4.19
20040130,4.19
20040202,4.19
20040203,4.18
20040204,4.18
20040205,4.17
20040206,4.17
20040209,4.11
20040210,4.11
20040211,4.11
20040212,4.08
20040213,4.08
20040216,4.07
20040217,4.04
20040218,4.01
20040219,4
20040220,4
20040223,4
20040224,4
20040225,4
20040226,4
20040227,4
20040302,4
20040303,4
20040304,4
20040305,3.98
20040308,3.97
20040309,3.97
20040310,3.97
20040311,3.96
20040312,3.95
20040315,3.94
20040316,3.94
20040317,3.94
20040318,3.91
20040319,3.9
20040322,3.9
20040323,3.88
20040324,3.88
20040325,3.88
20040326,3.88
20040329,3.88
20040330,3.9
20040331,3.9
20040401,3.9
20040402,3.9
20040406,3.95
20040407,3.95
20040408,3.94
20040409,3.91
20040412,3.91
20040413,3.91
20040414,3.91
20040416,3.91
20040419,3.91
20040420,3.91
20040421,3.91
20040422,3.91
20040423,3.9
20040426,3.9
20040427,3.9
20040428,3.9
20040429,3.9
20040430,3.9
20040503,3.9
20040504,3.9
20040506,3.9
20040507,3.9
20040510,3.9
20040511,3.9
20040512,3.9
20040513,3.9
20040514,3.9
20040517,3.9
20040518,3.9
20040519,3.9
20040520,3.9
20040521,3.9
20040524,3.89
20040525,3.89
20040527,3.89
20040528,3.89
20040531,3.89
20040601,3.89
20040602,3.89
20040603,3.88
20040604,3.88
20040607,3.88
20040608,3.88
20040609,3.88
20040610,3.88
20040611,3.89
20040614,3.9
20040615,3.9
20040616,3.9
20040617,3.93
20040618,3.93
20040621,3.93
20040622,3.93
20040623,3.93
20040624,3.93
20040625,3.93
20040628,3.93
20040629,3.93
20040630,3.93
20040701,3.93
20040702,3.91
20040705,3.91
20040706,3.91
20040707,3.91
20040708,3.91
20040709,3.91
20040712,3.91
20040713,3.91
20040714,3.91
20040715,3.91
20040716,3.91
20040719,3.9
20040720,3.9
20040721,3.9
20040722,3.9
20040723,3.9
20040726,3.9
20040727,3.9
20040728,3.9
20040729,3.9
20040730,3.9
20040802,3.9
20040803,3.9
20040804,3.9
20040805,3.9
20040806,3.9
20040809,3.9
20040810,3.9
20040811,3.9
20040812,3.73
20040813,3.67
20040816,3.65
20040817,3.62
20040818,3.59
20040819,3.58
20040820,3.58
20040823,3.57
20040824,3.56
20040825,3.56
20040826,3.55
20040827,3.53
20040830,3.52
20040831,3.52
20040901,3.52
20040902,3.52
20040903,3.52
20040906,3.52
20040907,3.52
20040908,3.51
20040909,3.51
20040910,3.51
20040913,3.51
20040914,3.53
20040915,3.52
20040916,3.52
20040917,3.53
20040920,3.53
20040921,3.53
20040922,3.53
20040923,3.54
20040924,3.54
20040930,3.54
20041001,3.54
20041004,3.52
20041005,3.47
20041006,3.43
20041007,3.54
20041008,3.54
20041011,3.53
20041012,3.53
20041013,3.53
20041014,3.53
20041015,3.53
20041018,3.53
20041019,3.53
20041020,3.53
20041021,3.53
20041022,3.53
20041025,3.53
20041026,3.53
20041027,3.53
20041028,3.53
20041029,3.53
20041101,3.53
20041102,3.53
20041103,3.54
20041104,3.54
20041105,3.54
20041108,3.54
20041109,3.54
20041110,3.54
20041111,3.37
20041112,3.36
20041115,3.35
20041116,3.35
20041117,3.35
20041118,3.36
20041119,3.36
20041122,3.36
20041123,3.36
20041124,3.36
20041125,3.36
20041126,3.36
20041129,3.36
20041130,3.36
20041201,3.36
20041202,3.36
20041203,3.36
20041206,3.36
20041207,3.36
20041208,3.37
20041209,3.38
20041210,3.38
20041213,3.38
20041214,3.38
20041215,3.4
20041216,3.4
20041217,3.4
20041220,3.4
20041221,3.41
20041222,3.41
20041223,3.41
20041224,3.42
20041227,3.42
20041228,3.42
20041229,3.42
20041230,3.43
20050103,3.45
20050104,3.45
20050105,3.45
20050106,3.45
20050107,3.45
20050110,3.45
20050111,3.45
20050112,3.45
20050113,3.45
20050114,3.45
20050117,3.45
20050118,3.45
20050119,3.46
20050120,3.46
20050121,3.48
20050124,3.49
20050125,3.52
20050126,3.53
20050127,3.53
20050128,3.52
20050131,3.57
20050201,3.58
20050202,3.58
20050203,3.59
20050204,3.6
20050207,3.6
20050211,3.63
20050214,3.63
20050215,3.63
20050216,3.6
20050217,3.59
20050218,3.57
20050221,3.56
20050222,3.57
20050223,3.57
20050224,3.57
20050225,3.57
20050228,3.55
20050302,3.55
20050303,3.55
20050304,3.55
20050307,3.55
20050308,3.55
20050309,3.55
20050310,3.55
20050311,3.55
20050314,3.55
20050315,3.55
20050316,3.55
20050317,3.55
20050318,3.55
20050321,3.55
20050322,3.55
20050323,3.55
20050324,3.55
20050325,3.55
20050328,3.55
20050329,3.55
20050330,3.54
20050331,3.54
20050401,3.54
20050404,3.54
20050406,3.54
20050407,3.54
20050408,3.53
20050411,3.53
20050412,3.53
20050413,3.53
20050414,3.53
20050415,3.52
20050418,3.51
20050419,3.51
20050420,3.5
20050421,3.5
20050422,3.5
20050425,3.5
20050426,3.5
20050427,3.49
20050428,3.49
20050429,3.48
20050502,3.48
20050503,3.49
20050504,3.49
20050506,3.49
20050509,3.5
20050510,3.51
20050511,3.51
20050512,3.51
20050513,3.51
20050516,3.51
20050517,3.51
20050518,3.51
20050519,3.51
20050520,3.51
20050523,3.51
20050524,3.51
20050525,3.51
20050526,3.51
20050527,3.52
20050530,3.52
20050531,3.52
20050601,3.52
20050602,3.52
20050603,3.5
20050607,3.51
20050608,3.5
20050609,3.5
20050610,3.5
20050613,3.51
20050614,3.51
20050615,3.52
20050616,3.52
20050617,3.52
20050620,3.51
20050621,3.51
20050622,3.52
20050623,3.52
20050624,3.51
20050627,3.51
20050628,3.51
20050629,3.52
20050630,3.54
20050701,3.53
20050704,3.54
20050705,3.53
20050706,3.53
20050707,3.53
20050708,3.53
20050711,3.53
20050712,3.52
20050713,3.52
20050714,3.51
20050715,3.51
20050718,3.5
20050719,3.5
20050720,3.5
20050721,3.49
20050722,3.48
20050725,3.48
20050726,3.49
20050727,3.49
20050728,3.49
20050729,3.49
20050801,3.5
20050802,3.5
20050803,3.5
20050804,3.5
20050805,3.5
20050808,3.5
20050809,3.5
20050810,3.5
20050811,3.5
20050812,3.5
20050816,3.49
20050817,3.49
20050818,3.49
20050819,3.48
20050822,3.48
20050823,3.49
20050824,3.49
20050825,3.49
20050826,3.49
20050829,3.49
20050830,3.51
20050831,3.51
20050901,3.51
20050902,3.51
20050905,3.53
20050906,3.54
20050907,3.55
20050908,3.57
20050909,3.58
20050912,3.58
20050913,3.59
20050914,3.64
20050915,3.66
20050916,3.7
20050920,3.76
20050921,3.79
20050922,3.81
20050923,3.83
20050926,3.86
20050927,3.87
20050928,3.94
20050929,3.93
20050930,3.93
20051004,3.98
20051005,3.98
20051006,3.97
20051007,3.97
20051010,3.98
20051011,3.97
20051012,3.97
20051013,3.92
20051014,3.92
20051017,3.92
20051018,3.9
20051019,3.87
20051020,3.87
20051021,3.87
20051024,3.88
20051025,3.89
20051026,3.89
20051027,3.9
20051028,3.91
20051031,3.95
20051101,3.93
20051102,3.95
20051103,3.96
20051104,3.96
20051107,3.96
20051108,3.95
20051109,3.95
20051110,3.95
20051111,3.95
20051114,3.95
20051115,3.97
20051116,3.97
20051117,3.97
20051118,3.97
20051121,3.97
20051122,3.97
20051123,3.96
20051124,3.95
20051125,3.95
20051128,3.95
20051129,3.95
20051130,3.95
20051201,3.95
20051202,3.95
20051205,3.96
20051206,3.96
20051207,3.96
20051208,4.03
20051209,4.03
20051212,4.03
20051213,4.04
20051214,4.05
20051215,4.06
20051216,4.07
20051219,4.07
20051220,4.07
20051221,4.07
20051222,4.07
20051223,4.07
20051226,4.07
20051227,4.08
20051228,4.08
20051229,4.09
20060102,4.1
20060103,4.11
20060104,4.12
20060105,4.13
20060106,4.14
20060109,4.15
20060110,4.16
20060111,4.17
20060112,4.17
20060113,4.16
20060116,4.16
20060117,4.16
20060118,4.16
20060119,4.16
20060120,4.16
20060123,4.16
20060124,4.16
20060125,4.16
20060126,4.16
20060127,4.16
20060131,4.18
20060201,4.2
20060202,4.21
20060203,4.22
20060206,4.24
20060207,4.25
20060208,4.26
20060209,4.26
20060210,4.26
20060213,4.26
20060214,4.26
20060215,4.26
20060216,4.26
20060217,4.26
20060220,4.26
20060221,4.26
20060222,4.26
20060223,4.26
20060224,4.26
20060227,4.26
20060228,4.26
20060302,4.26
20060303,4.26
20060306,4.27
20060307,4.27
20060308,4.27
20060309,4.27
20060310,4.27
20060313,4.27
20060314,4.27
20060315,4.27
20060316,4.27
20060317,4.27
20060320,4.27
20060321,4.27
20060322,4.27
20060323,4.27
20060324,4.27
20060327,4.27
20060328,4.27
20060329,4.27
20060330,4.27
20060331,4.27
20060403,4.27
20060404,4.28
20060405,4.29
20060406,4.29
20060407,4.29
20060410,4.3
20060411,4.31
20060412,4.35
20060413,4.35
20060414,4.36
20060417,4.36
20060418,4.36
20060419,4.36
20060420,4.36
20060421,4.36
20060424,4.36
20060425,4.36
20060426,4.36
20060427,4.36
20060428,4.36
20060502,4.36
20060503,4.36
20060504,4.36
20060508,4.36
20060509,4.36
20060510,4.36
20060511,4.36
20060512,4.36
20060515,4.36
20060516,4.36
20060517,4.36
20060518,4.36
20060519,4.36
20060522,4.36
20060523,4.36
20060524,4.36
20060525,4.36
20060526,4.36
20060529,4.36
20060530,4.36
20060601,4.36
20060602,4.36
20060605,4.36
20060607,4.36
20060608,4.41
20060609,4.41
20060612,4.41
20060613,4.41
20060614,4.41
20060615,4.41
20060616,4.44
20060619,4.48
20060620,4.5
20060621,4.51
20060622,4.55
20060623,4.55
20060626,4.56
20060627,4.57
20060628,4.57
20060629,4.6
20060630,4.59
20060703,4.59
20060704,4.6
20060705,4.6
20060706,4.6
20060707,4.6
20060710,4.61
20060711,4.62
20060712,4.63
20060713,4.63
20060714,4.64
20060718,4.64
20060719,4.64
20060720,4.64
20060721,4.64
20060724,4.64
20060725,4.64
20060726,4.64
20060727,4.64
20060728,4.64
20060731,4.64
20060801,4.64
20060802,4.64
20060803,4.64
20060804,4.64
20060807,4.64
20060808,4.64
20060809,4.64
20060810,4.71
20060811,4.7
20060814,4.7
20060816,4.7
20060817,4.7
20060818,4.7
20060821,4.7
20060822,4.7
20060823,4.69
20060824,4.69
20060825,4.69
20060828,4.69
20060829,4.68
20060830,4.68
20060831,4.68
20060901,4.68
20060904,4.67
20060905,4.67
20060906,4.67
20060907,4.67
20060908,4.65
20060911,4.65
20060912,4.64
20060913,4.63
20060914,4.63
20060915,4.63
20060918,4.63
20060919,4.63
20060920,4.63
20060921,4.63
20060922,4.63
20060925,4.61
20060926,4.61
20060927,4.61
20060928,4.6
20060929,4.59
20061002,4.58
20061004,4.58
20061009,4.58
20061010,4.58
20061011,4.58
20061012,4.58
20061013,4.57
20061016,4.57
20061017,4.57
20061018,4.57
20061019,4.57
20061020,4.57
20061023,4.57
20061024,4.57
20061025,4.57
20061026,4.57
20061027,4.57
20061030,4.57
20061031,4.58
20061101,4.58
20061102,4.58
20061103,4.58
20061106,4.59
20061107,4.59
20061108,4.59
20061109,4.59
20061110,4.59
20061113,4.59
20061114,4.59
20061115,4.59
20061116,4.6
20061117,4.6
20061120,4.6
20061121,4.6
20061122,4.6
20061123,4.61
20061124,4.62
20061127,4.62
20061128,4.64
20061129,4.66
20061130,4.67
20061201,4.7
20061204,4.7
20061205,4.7
20061206,4.71
20061207,4.71
20061208,4.71
20061211,4.72
20061212,4.72
20061213,4.72
20061214,4.74
20061215,4.74
20061218,4.74
20061219,4.74
20061220,4.79
20061221,4.8
20061222,4.8
20061226,4.82
20061227,4.83
20061228,4.85
20070102,4.87
20070103,4.87
20070104,4.87
20070105,4.87
20070108,4.87
20070109,4.87
20070110,4.88
20070111,4.88
20070112,4.92
20070115,4.93
20070116,4.94
20070117,4.94
20070118,4.94
20070119,4.94
20070122,4.94
20070123,4.94
20070124,4.94
20070125,4.95
20070126,4.95
20070129,4.95
20070130,4.96
20070131,4.96
20070201,4.96
20070202,4.96
20070205,4.96
20070206,4.96
20070207,4.96
20070208,4.95
20070209,4.95
20070212,4.95
20070213,4.95
20070214,4.95
20070215,4.94
20070216,4.94
20070220,4.94
20070221,4.94
20070222,4.94
20070223,4.94
20070226,4.94
20070227,4.94
20070228,4.94
20070302,4.94
20070305,4.94
20070306,4.94
20070307,4.94
20070308,4.94
20070309,4.94
20070312,4.94
20070313,4.94
20070314,4.94
20070315,4.94
20070316,4.94
20070319,4.94
20070320,4.94
20070321,4.94
20070322,4.94
20070323,4.94
20070326,4.94
20070327,4.94
20070328,4.94
20070329,4.94
20070330,4.94
20070402,4.94
20070403,4.94
20070404,4.94
20070405,4.94
20070406,4.94
20070409,4.94
20070410,4.94
20070411,4.94
20070412,4.94
20070413,4.94
20070416,4.94
20070417,4.95
20070418,4.95
20070419,4.95
20070420,4.95
20070423,4.97
20070424,4.97
20070425,4.97
20070426,4.97
20070427,5
20070430,5
20070502,5
20070503,5
20070504,5
20070507,5
20070508,5.01
20070509,5.02
20070510,5.02
20070511,5.02
20070514,5.05
20070515,5.06
20070516,5.06
20070517,5.07
20070518,5.07
20070521,5.07
20070522,5.07
20070523,5.07
20070525,5.07
20070528,5.07
20070529,5.07
20070530,5.07
20070531,5.06
20070601,5.04
20070604,5.04
20070605,5.04
20070607,5.04
20070608,5.04
20070611,5.04
20070612,5.04
20070613,5.04
20070614,5.04
20070615,5.04
20070618,5.04
20070619,5.04
20070620,5.04
20070621,5.04
20070622,5.04
20070625,5.03
20070626,5.03
20070627,5.02
20070628,5.01
20070629,5
20070702,5
20070703,5
20070704,5
20070705,5
20070706,5
20070709,5
20070710,5
20070711,5
20070712,5.06
20070713,5.07
20070716,5.07
20070718,5.08
20070719,5.08
20070720,5.08
20070723,5.08
20070724,5.08
20070725,5.08
20070726,5.08
20070727,5.09
20070730,5.09
20070731,5.1
20070801,5.1
20070802,5.1
20070803,5.1
20070806,5.1
20070807,5.1
20070808,5.1
20070809,5.21
20070810,5.22
20070813,5.23
20070814,5.24
20070816,5.25
20070817,5.25
20070820,5.26
20070821,5.26
20070822,5.26
20070823,5.26
20070824,5.26
20070827,5.27
20070828,5.27
20070829,5.27
20070830,5.28
20070831,5.29
20070903,5.3
20070904,5.3
20070905,5.31
20070906,5.32
20070907,5.33
20070910,5.33
20070911,5.34
20070912,5.34
20070913,5.35
20070914,5.35
20070917,5.35
20070918,5.35
20070919,5.35
20070920,5.35
20070921,5.35
20070927,5.35
20070928,5.35
20071001,5.35
20071002,5.34
20071004,5.34
20071005,5.34
20071008,5.34
20071009,5.34
20071010,5.34
20071011,5.34
20071012,5.34
20071015,5.34
20071016,5.34
20071017,5.34
20071018,5.34
20071019,5.34
20071022,5.34
20071023,5.34
20071024,5.34
20071025,5.35
20071026,5.35
20071029,5.35
20071030,5.35
20071031,5.35
20071101,5.35
20071102,5.35
20071105,5.35
20071106,5.35
20071107,5.35
20071108,5.35
20071109,5.35
20071112,5.36
20071113,5.36
20071114,5.37
20071115,5.38
20071116,5.39
20071119,5.42
20071120,5.45
20071121,5.48
20071122,5.49
20071123,5.5
20071126,5.51
20071127,5.53
20071128,5.55
20071129,5.58
20071130,5.6
20071203,5.61
20071204,5.63
20071205,5.66
20071206,5.67
20071207,5.67
20071210,5.68
20071211,5.69
20071212,5.7
20071213,5.71
20071214,5.74
20071217,5.76
20071218,5.77
20071220,5.78
20071221,5.78
20071224,5.79
20071226,5.8
20071227,5.81
20071228,5.82
20080102,5.84
20080103,5.85
20080104,5.86
20080107,5.86
20080108,5.87
20080109,5.88
20080110,5.89
20080111,5.89
20080114,5.89
20080115,5.89
20080116,5.88
20080117,5.88
20080118,5.87
20080121,5.86
20080122,5.86
20080123,5.82
20080124,5.79
20080125,5.76
20080128,5.7
20080129,5.65
20080130,5.6
20080131,5.5
20080201,5.46
20080204,5.41
20080205,5.39
20080211,5.36
20080212,5.35
20080213,5.33
20080214,5.31
20080215,5.29
20080218,5.27
20080219,5.25
20080220,5.24
20080221,5.22
20080222,5.22
20080225,5.2
20080226,5.19
20080227,5.19
20080228,5.19
20080229,5.18
20080303,5.17
20080304,5.17
20080305,5.17
20080306,5.17
20080307,5.17
20080310,5.17
20080311,5.17
20080312,5.18
20080313,5.21
20080314,5.23
20080317,5.26
20080318,5.26
20080319,5.26
20080320,5.27
20080321,5.3
20080324,5.33
20080325,5.35
20080326,5.36
20080327,5.36
20080328,5.37
20080331,5.38
20080401,5.39
20080402,5.4
20080403,5.4
20080404,5.4
20080407,5.4
20080408,5.4
20080410,5.4
20080411,5.4
20080414,5.4
20080415,5.39
20080416,5.38
20080417,5.38
20080418,5.38
20080421,5.38
20080422,5.37
20080423,5.37
20080424,5.37
20080425,5.36
20080428,5.36
20080429,5.36
20080430,5.36
20080502,5.36
20080506,5.36
20080507,5.36
20080508,5.36
20080509,5.36
20080513,5.36
20080514,5.36
20080515,5.36
20080516,5.37
20080519,5.37
20080520,5.37
20080521,5.37
20080522,5.37
20080523,5.37
20080526,5.37
20080527,5.36
20080528,5.36
20080529,5.36
20080530,5.36
20080602,5.36
20080603,5.36
20080604,5.36
20080605,5.36
20080609,5.36
20080610,5.36
20080611,5.36
20080612,5.36
20080613,5.36
20080616,5.36
20080617,5.36
20080618,5.36
20080619,5.36
20080620,5.36
20080623,5.36
20080624,5.37
20080625,5.37
20080626,5.37
20080627,5.37
20080630,5.37
20080701,5.37
20080702,5.37
20080703,5.38
20080704,5.38
20080707,5.39
20080708,5.41
20080709,5.41
20080710,5.44
20080711,5.46
20080714,5.48
20080715,5.52
20080716,5.54
20080717,5.55
20080718,5.57
20080721,5.58
20080722,5.59
20080723,5.59
20080724,5.63
20080725,5.63
20080728,5.65
20080729,5.66
20080730,5.67
20080731,5.68
20080801,5.69
20080804,5.71
20080805,5.72
20080806,5.72
20080807,5.74
20080808,5.75
20080811,5.76
20080812,5.77
20080813,5.78
20080814,5.79
20080818,5.79
20080819,5.79
20080820,5.79
20080821,5.79
20080822,5.79
20080825,5.79
20080826,5.79
20080827,5.79
20080828,5.79
20080829,5.79
20080901,5.79
20080902,5.79
20080903,5.79
20080904,5.79
20080905,5.79
20080908,5.79
20080909,5.79
20080910,5.79
20080911,5.79
20080912,5.79
20080916,5.79
20080917,5.79
20080918,5.79
20080919,5.79
20080922,5.79
20080923,5.79
20080924,5.79
20080925,5.8
20080926,5.81
20080929,5.82
20080930,5.83
20081001,5.85
20081002,5.88
20081006,5.91
20081007,5.95
20081008,5.96
20081009,5.96
20081010,5.98
20081013,6
20081014,6.03
20081015,6.06
20081016,6.08
20081017,6.1
20081020,6.12
20081021,6.14
20081022,6.15
20081023,6.16
20081024,6.18
20081027,6.04
20081028,6.05
20081029,6.06
20081030,6.06
20081031,5.98
20081103,5.97
20081104,5.94
20081105,5.93
20081106,5.92
20081107,5.69
20081110,5.69
20081111,5.69
20081112,5.59
20081113,5.59
20081114,5.56
20081117,5.52
20081118,5.51
20081119,5.5
20081120,5.49
20081121,5.48
20081124,5.48
20081125,5.47
20081126,5.45
20081127,5.45
20081128,5.45
20081201,5.45
20081202,5.45
20081203,5.45
20081204,5.45
20081205,5.45
20081208,5.45
20081209,5.44
20081210,5.44
20081211,4.75
20081212,4.75
20081215,4.74
20081216,4.49
20081217,4.34
20081218,4.24
20081219,4.19
20081222,4.09
20081223,4.03
20081224,3.98
20081226,3.95
20081229,3.94
20081230,3.93
20090102,3.93
20090105,3.92
20090106,3.92
20090107,3.92
20090108,3.25
20090109,3.18
20090112,3.18
20090113,3.13
20090114,3.02
20090115,2.98
20090116,2.97
20090119,2.97
20090120,2.97
20090121,2.97
20090122,2.96
20090123,2.96
20090128,2.96
20090129,2.96
20090130,2.96
20090202,2.96
20090203,2.96
20090204,2.96
20090205,2.92
20090206,2.92
20090209,2.92
20090210,2.92
20090211,2.92
20090212,2.64
20090213,2.57
20090216,2.57
20090217,2.57
20090218,2.56
20090219,2.55
20090220,2.54
20090223,2.53
20090224,2.51
20090225,2.51
20090226,2.49
20090227,2.49
20090302,2.49
20090303,2.49
20090304,2.49
20090305,2.49
20090306,2.49
20090309,2.45
20090310,2.45
20090311,2.45
20090312,2.45
20090313,2.43
20090316,2.43
20090317,2.43
20090318,2.43
20090319,2.43
20090320,2.43
20090323,2.43
20090324,2.43
20090325,2.43
20090326,2.43
20090327,2.43
20090330,2.43
20090331,2.43
20090401,2.43
20090402,2.43
20090403,2.43
20090406,2.43
20090407,2.43
20090408,2.43
20090409,2.43
20090410,2.43
20090413,2.43
20090414,2.43
20090415,2.42
20090416,2.41
20090417,2.41
20090420,2.41
20090421,2.41
20090422,2.41
20090423,2.41
20090424,2.41
20090427,2.41
20090428,2.41
20090429,2.41
20090430,2.41
20090504,2.41
20090506,2.41
20090507,2.41
20090508,2.41
20090511,2.41
20090512,2.41
20090513,2.41
20090514,2.41
20090515,2.41
20090518,2.41
20090519,2.41
20090520,2.41
20090521,2.41
20090522,2.41
20090525,2.41
20090526,2.41
20090527,2.41
20090528,2.41
20090529,2.41
20090601,2.41
20090602,2.41
20090603,2.41
20090604,2.42
20090605,2.41
20090608,2.41
20090609,2.41
20090610,2.41
20090611,2.41
20090612,2.41
20090615,2.41
20090616,2.41
20090617,2.41
20090618,2.41
20090619,2.41
20090622,2.41
20090623,2.41
20090624,2.41
20090625,2.41
20090626,2.41
20090629,2.41
20090630,2.41
20090701,2.41
20090702,2.41
20090703,2.41
20090706,2.41
20090707,2.41
20090708,2.41
20090709,2.41
20090710,2.41
20090713,2.41
20090714,2.41
20090715,2.41
20090716,2.41
20090717,2.41
20090720,2.41
20090721,2.41
20090722,2.41
20090723,2.41
20090724,2.41
20090727,2.41
20090728,2.41
20090729,2.41
20090730,2.41
20090731,2.41
20090803,2.41
20090804,2.41
20090805,2.41
20090806,2.42
20090807,2.42
20090810,2.42
20090811,2.42
20090812,2.42
20090813,2.45
20090814,2.47
20090817,2.48
20090818,2.49
20090819,2.49
20090820,2.51
20090821,2.51
20090824,2.51
20090825,2.52
20090826,2.56
20090827,2.57
20090828,2.57
20090831,2.57
20090901,2.57
20090902,2.57
20090903,2.57
20090904,2.57
20090907,2.57
20090908,2.57
20090909,2.57
20090910,2.58
20090911,2.59
20090914,2.61
20090915,2.62
20090916,2.63
20090917,2.64
20090918,2.65
20090921,2.68
20090922,2.7
20090923,2.71
20090924,2.72
20090925,2.72
20090928,2.73
20090929,2.74
20090930,2.75
20091001,2.76
20091005,2.77
20091006,2.78
20091007,2.79
20091008,2.8
20091009,2.81
20091012,2.81
20091013,2.81
20091014,2.81
20091015,2.8
20091016,2.8
20091019,2.8
20091020,2.79
20091021,2.79
20091022,2.79
20091023,2.79
20091026,2.79
20091027,2.79
20091028,2.79
20091029,2.79
20091030,2.79
20091102,2.79
20091103,2.79
20091104,2.79
20091105,2.79
20091106,2.79
20091109,2.79
20091110,2.79
20091111,2.79
20091112,2.79
20091113,2.79
20091116,2.79
20091117,2.79
20091118,2.79
20091119,2.79
20091120,2.79
20091123,2.79
20091124,2.79
20091125,2.79
20091126,2.79
20091127,2.79
20091130,2.79
20091201,2.79
20091202,2.79
20091203,2.79
20091204,2.79
20091207,2.79
20091208,2.79
20091209,2.79
20091210,2.79
20091211,2.79
20091214,2.79
20091215,2.79
20091216,2.83
20091217,2.85
20091218,2.85
20091221,2.85
20091222,2.85
20091223,2.85
20091224,2.85
20091228,2.85
20091229,2.85
20091230,2.86
20100104,2.88
20100105,2.88
20100106,2.88
20100107,2.88
20100108,2.88
20100111,2.88
20100112,2.88
20100113,2.88
20100114,2.88
20100115,2.88
20100118,2.88
20100119,2.88
20100120,2.88
20100121,2.88
20100122,2.88
20100125,2.88
20100126,2.88
20100127,2.88
20100128,2.88
20100129,2.88
20100201,2.88
20100202,2.88
20100203,2.88
20100204,2.88
20100205,2.88
20100208,2.88
20100209,2.88
20100210,2.88
20100211,2.88
20100212,2.88
20100216,2.88
20100217,2.88
20100218,2.88
20100219,2.88
20100222,2.88
20100223,2.88
20100224,2.88
20100225,2.88
20100226,2.88
20100302,2.88
20100303,2.88
20100304,2.88
20100305,2.86
20100308,2.86
20100309,2.86
20100310,2.86
20100311,2.84
20100312,2.83
20100315,2.83
20100316,2.82
20100317,2.82
20100318,2.82
20100319,2.82
20100322,2.81
20100323,2.81
20100324,2.81
20100325,2.81
20100326,2.78
20100329,2.78
20100330,2.78
20100331,2.78
20100401,2.78
20100402,2.78
20100405,2.72
20100406,2.63
20100407,2.63
20100408,2.53
20100409,2.46
20100412,2.45
20100413,2.45
20100414,2.45
20100415,2.45
20100416,2.45
20100419,2.45
20100420,2.45
20100421,2.45
20100422,2.45
20100423,2.45
20100426,2.45
20100427,2.45
20100428,2.45
20100429,2.45
20100430,2.45
20100503,2.45
20100504,2.45
20100506,2.45
20100507,2.45
20100510,2.45
20100511,2.45
20100512,2.45
20100513,2.45
20100514,2.45
20100517,2.45
20100518,2.45
20100519,2.45
20100520,2.45
20100524,2.45
20100525,2.45
20100526,2.45
20100527,2.45
20100528,2.45
20100531,2.45
20100601,2.45
20100603,2.45
20100604,2.45
20100607,2.45
20100608,2.45
20100609,2.45
20100610,2.45
20100611,2.45
20100614,2.45
20100615,2.45
20100616,2.45
20100617,2.45
20100618,2.45
20100621,2.45
20100622,2.45
20100623,2.45
20100624,2.46
20100625,2.46
20100628,2.46
20100629,2.46
20100630,2.46
20100701,2.46
20100702,2.46
20100705,2.46
20100706,2.46
20100707,2.46
20100708,2.46
20100709,2.63
20100712,2.63
20100713,2.63
20100714,2.63
20100715,2.63
20100716,2.63
20100719,2.63
20100720,2.63
20100721,2.63
20100722,2.63
20100723,2.63
20100726,2.63
20100727,2.63
20100728,2.63
20100729,2.63
20100730,2.63
20100802,2.63
20100803,2.63
20100804,2.63
20100805,2.63
20100806,2.63
20100809,2.63
20100810,2.63
20100811,2.63
20100812,2.63
20100813,2.63
20100816,2.63
20100817,2.63
20100818,2.63
20100819,2.63
20100820,2.63
20100823,2.63
20100824,2.63
20100825,2.63
20100826,2.63
20100827,2.63
20100830,2.63
20100831,2.66
20100901,2.66
20100902,2.66
20100903,2.66
20100906,2.66
20100907,2.66
20100908,2.66
20100909,2.66
20100910,2.66
20100913,2.66
20100914,2.66
20100915,2.66
20100916,2.66
20100917,2.66
20100920,2.66
20100924,2.66
20100927,2.66
20100928,2.66
20100929,2.66
20100930,2.66
20101001,2.66
20101004,2.66
20101005,2.66
20101006,2.66
20101007,2.66
20101008,2.66
20101011,2.66
20101012,2.67
20101013,2.68
20101014,2.67
20101015,2.66
20101018,2.66
20101019,2.66
20101020,2.66
20101021,2.66
20101022,2.66
20101025,2.66
20101026,2.66
20101027,2.66
20101028,2.66
20101029,2.66
20101101,2.66
20101102,2.66
20101103,2.66
20101104,2.66
20101105,2.66
20101108,2.66
20101109,2.66
20101110,2.66
20101111,2.66
20101112,2.66
20101115,2.66
20101116,2.8
20101117,2.8
20101118,2.8
20101119,2.8
20101122,2.8
20101123,2.8
20101124,2.8
20101125,2.8
20101126,2.8
20101129,2.8
20101130,2.8
20101201,2.8
20101202,2.8
20101203,2.8
20101206,2.8
20101207,2.8
20101208,2.8
20101209,2.8
20101210,2.8
20101213,2.8
20101214,2.8
20101215,2.8
20101216,2.8
20101217,2.8
20101220,2.8
20101221,2.8
20101222,2.8
20101223,2.8
20101224,2.8
20101227,2.8
20101228,2.8
20101229,2.8
20101230,2.8
20110103,2.8
20110104,2.8
20110105,2.8
20110106,2.8
20110107,2.8
20110110,2.8
20110111,2.8
20110112,2.8
20110113,2.98
20110114,2.98
20110117,2.98
20110118,2.98
20110119,2.98
20110120,3
20110121,3
20110124,3.01
20110125,3.01
20110126,3.01
20110127,3.02
20110128,3.03
20110131,3.05
20110201,3.05
20110207,3.08
20110208,3.09
20110209,3.09
20110210,3.11
20110211,3.12
20110214,3.13
20110215,3.13
20110216,3.14
20110217,3.15
20110218,3.15
20110221,3.15
20110222,3.15
20110223,3.15
20110224,3.16
20110225,3.16
20110228,3.17
20110302,3.17
20110303,3.23
20110304,3.27
20110307,3.29
20110308,3.3
20110309,3.3
20110310,3.39
20110311,3.39
20110314,3.39
20110315,3.39
20110316,3.39
20110317,3.39
20110318,3.39
20110321,3.39
20110322,3.39
20110323,3.39
20110324,3.39
20110325,3.39
20110328,3.39
20110329,3.39
20110330,3.39
20110331,3.39
20110401,3.39
20110404,3.39
20110405,3.39
20110406,3.39
20110407,3.39
20110408,3.39
20110411,3.4
20110412,3.4
20110413,3.4
20110414,3.4
20110415,3.4
20110418,3.4
20110419,3.4
20110420,3.4
20110421,3.4
20110422,3.41
20110425,3.41
20110426,3.42
20110427,3.42
20110428,3.42
20110429,3.42
20110502,3.43
20110503,3.46
20110504,3.46
20110506,3.46
20110509,3.46
20110511,3.46
20110512,3.46
20110513,3.46
20110516,3.46
20110517,3.46
20110518,3.46
20110519,3.46
20110520,3.46
20110523,3.46
20110524,3.46
20110525,3.46
20110526,3.46
20110527,3.46
20110530,3.46
20110531,3.46
20110601,3.46
20110602,3.46
20110603,3.46
20110607,3.46
20110608,3.46
20110609,3.46
20110610,3.56
20110613,3.56
20110614,3.56
20110615,3.56
20110616,3.56
20110617,3.56
20110620,3.56
20110621,3.56
20110622,3.56
20110623,3.56
20110624,3.56
20110627,3.56
20110628,3.57
20110629,3.57
20110630,3.57
20110701,3.57
20110704,3.57
20110705,3.58
20110706,3.58
20110707,3.59
20110708,3.59
20110711,3.59
20110712,3.59
20110713,3.59
20110714,3.59
20110715,3.59
20110718,3.59
20110719,3.59
20110720,3.59
20110721,3.59
20110722,3.59
20110725,3.59
20110726,3.59
20110727,3.59
20110728,3.59
20110729,3.59
20110801,3.59
20110802,3.59
20110803,3.59
20110804,3.59
20110805,3.59
20110808,3.59
20110809,3.59
20110810,3.59
20110811,3.59
20110812,3.59
20110816,3.59
20110817,3.59
20110818,3.59
20110819,3.59
20110822,3.59
20110823,3.59
20110824,3.59
20110825,3.59
20110826,3.59
20110829,3.59
20110830,3.59
20110831,3.59
20110901,3.59
20110902,3.59
20110905,3.58
20110906,3.58
20110907,3.58
20110908,3.58
20110909,3.58
20110914,3.58
20110915,3.58
20110916,3.58
20110919,3.58
20110920,3.58
20110921,3.58
20110922,3.58
20110923,3.58
20110926,3.58
20110927,3.58
20110928,3.58
20110929,3.58
20110930,3.58
20111004,3.58
20111005,3.58
20111006,3.58
20111007,3.58
20111010,3.58
20111011,3.58
20111012,3.58
20111013,3.58
20111014,3.58
20111017,3.58
20111018,3.57
20111019,3.57
20111020,3.57
20111021,3.57
20111024,3.57
20111025,3.57
20111026,3.57
20111027,3.57
20111028,3.57
20111031,3.57
20111101,3.57
20111102,3.57
20111103,3.57
20111104,3.57
20111107,3.57
20111108,3.57
20111109,3.57
20111110,3.57
20111111,3.57
20111114,3.57
20111115,3.57
20111116,3.57
20111117,3.55
20111118,3.55
20111121,3.55
20111122,3.55
20111123,3.55
20111124,3.55
20111125,3.55
20111128,3.55
20111129,3.55
20111130,3.55
20111201,3.55
20111202,3.55
20111205,3.55
20111206,3.55
20111207,3.55
20111208,3.55
20111209,3.55
20111212,3.55
20111213,3.55
20111214,3.55
20111215,3.55
20111216,3.55
20111219,3.55
20111220,3.55
20111221,3.55
20111222,3.55
20111223,3.55
20111226,3.55
20111227,3.55
20111228,3.55
20111229,3.55
20120102,3.56
20120103,3.56
20120104,3.56
20120105,3.56
20120106,3.56
20120109,3.56
20120110,3.56
20120111,3.56
20120112,3.56
20120113,3.56
20120116,3.56
20120117,3.56
20120118,3.55
20120119,3.54
20120120,3.54
20120125,3.54
20120126,3.54
20120127,3.54
20120130,3.54
20120131,3.54
20120201,3.54
20120202,3.54
20120203,3.53
20120206,3.53
20120207,3.53
20120208,3.53
20120209,3.52
20120210,3.52
20120213,3.52
20120214,3.52
20120215,3.52
20120216,3.52
20120217,3.52
20120220,3.52
20120221,3.52
20120222,3.52
20120223,3.52
20120224,3.52
20120227,3.52
20120228,3.53
20120229,3.54
20120302,3.54
20120305,3.54
20120306,3.54
20120307,3.54
20120308,3.54
20120309,3.54
20120312,3.54
20120313,3.54
20120314,3.54
20120315,3.54
20120316,3.54
20120319,3.54
20120320,3.54
20120321,3.54
20120322,3.54
20120323,3.54
20120326,3.55
20120327,3.55
20120328,3.55
20120329,3.55
20120330,3.55
20120402,3.55
20120403,3.55
20120404,3.55
20120405,3.55
20120406,3.55
20120409,3.54
20120410,3.54
20120412,3.54
20120413,3.54
20120416,3.54
20120417,3.54
20120418,3.54
20120419,3.54
20120420,3.54
20120423,3.54
20120424,3.54
20120425,3.54
20120426,3.54
20120427,3.54
20120430,3.54
20120502,3.54
20120503,3.54
20120504,3.54
20120507,3.54
20120508,3.54
20120509,3.54
20120510,3.54
20120511,3.54
20120514,3.54
20120515,3.54
20120516,3.54
20120517,3.54
20120518,3.54
20120521,3.54
20120522,3.54
20120523,3.54
20120524,3.54
20120525,3.54
20120529,3.54
20120530,3.54
20120531,3.54
20120601,3.54
20120604,3.54
20120605,3.54
20120607,3.54
20120608,3.54
20120611,3.54
20120612,3.54
20120613,3.54
20120614,3.54
20120615,3.54
20120618,3.54
20120619,3.54
20120620,3.54
20120621,3.54
20120622,3.54
20120625,3.54
20120626,3.54
20120627,3.54
20120628,3.54
20120629,3.54
20120702,3.54
20120703,3.54
20120704,3.54
20120705,3.54
20120706,3.54
20120709,3.54
20120710,3.54
20120711,3.54
20120712,3.27
20120713,3.25
20120716,3.25
20120717,3.24
20120718,3.23
20120719,3.22
20120720,3.21
20120723,3.2
20120724,3.2
20120725,3.19
20120726,3.19
20120727,3.2
20120730,3.2
20120731,3.2
20120801,3.2
20120802,3.2
20120803,3.2
20120806,3.2
20120807,3.2
20120808,3.2
20120809,3.2
20120810,3.2
20120813,3.2
20120814,3.2
20120816,3.21
20120817,3.21
20120820,3.21
20120821,3.2
20120822,3.19
20120823,3.19
20120824,3.19
20120827,3.19
20120828,3.18
20120829,3.18
20120830,3.17
20120831,3.16
20120903,3.16
20120904,3.16
20120905,3.16
20120906,3.16
20120907,3.16
20120910,3.15
20120911,3.15
20120912,3.15
20120913,3.15
20120914,3.15
20120917,3.15
20120918,3.14
20120919,3.13
20120920,3.12
20120921,3.12
20120924,3.12
20120925,3.11
20120926,3.1
20120927,3.1
20120928,3.09
20121002,3.09
20121004,3.09
20121005,3.09
20121008,3.08
20121009,3.08
20121010,3.08
20121011,2.9
20121012,2.87
20121015,2.87
20121016,2.87
20121017,2.87
20121018,2.87
20121019,2.87
20121022,2.87
20121023,2.86
20121024,2.86
20121025,2.85
20121026,2.85
20121029,2.85
20121030,2.85
20121031,2.85
20121101,2.85
20121102,2.85
20121105,2.85
20121106,2.85
20121107,2.85
20121108,2.85
20121109,2.85
20121112,2.85
20121113,2.85
20121114,2.85
20121115,2.85
20121116,2.85
20121119,2.85
20121120,2.85
20121121,2.85
20121122,2.85
20121123,2.85
20121126,2.85
20121127,2.85
20121128,2.85
20121129,2.85
20121130,2.85
20121203,2.85
20121204,2.85
20121205,2.85
20121206,2.85
20121207,2.87
20121210,2.88
20121211,2.88
20121212,2.89
20121213,2.89
20121214,2.89
20121217,2.89
20121218,2.89
20121220,2.89
20121221,2.89
20121224,2.89
20121226,2.89
20121227,2.89
20121228,2.89
20130102,2.89
20130103,2.88
20130104,2.88
20130107,2.87
20130108,2.87
20130109,2.87
20130110,2.87
20130111,2.85
20130114,2.85
20130115,2.85
20130116,2.85
20130117,2.85
20130118,2.85
20130121,2.85
20130122,2.85
20130123,2.85
20130124,2.84
20130125,2.84
20130128,2.84
20130129,2.84
20130130,2.84
20130131,2.84
20130201,2.84
20130204,2.84
20130205,2.84
20130206,2.84
20130207,2.84
20130208,2.84
20130212,2.84
20130213,2.84
20130214,2.83
20130215,2.83
20130218,2.83
20130219,2.83
20130220,2.83
20130221,2.83
20130222,2.83
20130225,2.83
20130226,2.82
20130227,2.82
20130228,2.82
20130304,2.82
20130305,2.82
20130306,2.82
20130307,2.82
20130308,2.82
20130311,2.82
20130312,2.81
20130313,2.81
20130314,2.81
20130315,2.81
20130318,2.81
20130319,2.81
20130320,2.81
20130321,2.81
20130322,2.81
20130325,2.81
20130326,2.81
20130327,2.81
20130328,2.81
20130329,2.81
20130401,2.81
20130402,2.81
20130403,2.8
20130404,2.8
20130405,2.8
20130408,2.8
20130409,2.8
20130410,2.8
20130411,2.79
20130412,2.79
20130415,2.79
20130416,2.79
20130417,2.79
20130418,2.79
20130419,2.79
20130422,2.79
20130423,2.79
20130424,2.79
20130425,2.78
20130426,2.79
20130429,2.8
20130430,2.81
20130502,2.81
20130503,2.81
20130506,2.81
20130507,2.81
20130508,2.81
20130509,2.69
20130510,2.69
20130513,2.69
20130514,2.69
20130515,2.69
20130516,2.69
20130520,2.69
20130521,2.69
20130522,2.69
20130523,2.69
20130524,2.69
20130527,2.69
20130528,2.69
20130529,2.69
20130530,2.69
20130531,2.69
20130603,2.69
20130604,2.69
20130605,2.69
20130607,2.69
20130610,2.69
20130611,2.69
20130612,2.69
20130613,2.69
20130614,2.69
20130617,2.69
20130618,2.69
20130619,2.69
20130620,2.69
20130621,2.7
20130624,2.69
20130625,2.69
20130626,2.69
20130627,2.69
20130628,2.69
20130701,2.69
20130702,2.69
20130703,2.69
20130704,2.69
20130705,2.69
20130708,2.69
20130709,2.69
20130710,2.69
20130711,2.69
20130712,2.69
20130715,2.69
20130716,2.69
20130717,2.69
20130718,2.69
20130719,2.67
20130722,2.67
20130723,2.67
20130724,2.66
20130725,2.66
20130726,2.66
20130729,2.66
20130730,2.66
20130731,2.66
20130801,2.66
20130802,2.66
20130805,2.66
20130806,2.66
20130807,2.66
20130808,2.66
20130809,2.66
20130812,2.66
20130813,2.66
20130814,2.66
20130816,2.66
20130819,2.66
20130820,2.66
20130821,2.66
20130822,2.66
20130823,2.66
20130826,2.66
20130827,2.66
20130828,2.66
20130829,2.66
20130830,2.66
20130902,2.66
20130903,2.66
20130904,2.66
20130905,2.66
20130906,2.66
20130909,2.66
20130910,2.66
20130911,2.66
20130912,2.66
20130913,2.66
20130916,2.66
20130917,2.66
20130923,2.66
20130924,2.66
20130925,2.66
20130926,2.66
20130927,2.66
20130930,2.66
20131001,2.66
20131002,2.66
20131004,2.66
20131007,2.66
20131008,2.66
20131010,2.66
20131011,2.66
20131014,2.66
20131015,2.66
20131016,2.66
20131017,2.66
20131018,2.66
20131021,2.66
20131022,2.66
20131023,2.66
20131024,2.66
20131025,2.66
20131028,2.66
20131029,2.65
20131030,2.65
20131031,2.65
20131101,2.65
20131104,2.65
20131105,2.65
20131106,2.65
20131107,2.65
20131108,2.65
20131111,2.65
20131112,2.65
20131113,2.65
20131114,2.65
20131115,2.65
20131118,2.65
20131119,2.65
20131120,2.65
20131121,2.65
20131122,2.65
20131125,2.65
20131126,2.65
20131127,2.65
20131128,2.65
20131129,2.65
20131202,2.65
20131203,2.65
20131204,2.65
20131205,2.65
20131206,2.65
20131209,2.65
20131210,2.65
20131211,2.65
20131212,2.65
20131213,2.65
20131216,2.65
20131217,2.65
20131218,2.65
20131219,2.65
20131220,2.65
20131223,2.65
20131224,2.65
20131226,2.65
20131227,2.65
20131230,2.66
20140102,2.66
20140103,2.66
20140106,2.66
20140107,2.66
20140108,2.66
20140109,2.65
20140110,2.65
20140113,2.65
20140114,2.65
20140115,2.65
20140116,2.65
20140117,2.65
20140120,2.65
20140121,2.65
20140122,2.65
20140123,2.65
20140124,2.65
20140127,2.65
20140128,2.65
20140129,2.65
20140203,2.65
20140204,2.65
20140205,2.65
20140206,2.65
20140207,2.65
20140210,2.65
20140211,2.65
20140212,2.65
20140213,2.65
20140214,2.65
20140217,2.65
20140218,2.65
20140219,2.65
20140220,2.65
20140221,2.65
20140224,2.65
20140225,2.65
20140226,2.65
20140227,2.65
20140228,2.65
20140303,2.65
20140304,2.65
20140305,2.65
20140306,2.65
20140307,2.65
20140310,2.65
20140311,2.65
20140312,2.65
20140313,2.65
20140314,2.65
20140317,2.65
20140318,2.65
20140319,2.65
20140320,2.65
20140321,2.65
20140324,2.65
20140325,2.65
20140326,2.65
20140327,2.65
20140328,2.65
20140331,2.65
20140401,2.65
20140402,2.65
20140403,2.65
20140404,2.65
20140407,2.65
20140408,2.65
20140409,2.65
20140410,2.65
20140411,2.65
20140414,2.65
20140415,2.65
20140416,2.65
20140417,2.65
20140418,2.65
20140421,2.65
20140422,2.65
20140423,2.65
20140424,2.65
20140425,2.65
20140428,2.65
20140429,2.65
20140430,2.65
20140502,2.65
20140507,2.65
20140508,2.65
20140509,2.65
20140512,2.65
20140513,2.65
20140514,2.65
20140515,2.65
20140516,2.65
20140519,2.65
20140520,2.65
20140521,2.65
20140522,2.65
20140523,2.65
20140526,2.65
20140527,2.65
20140528,2.65
20140529,2.65
20140530,2.65
20140602,2.65
20140603,2.65
20140605,2.65
20140609,2.65
20140610,2.65
20140611,2.65
20140612,2.65
20140613,2.65
20140616,2.65
20140617,2.65
20140618,2.65
20140619,2.65
20140620,2.65
20140623,2.65
20140624,2.65
20140625,2.65
20140626,2.65
20140627,2.65
20140630,2.65
20140701,2.65
20140702,2.65
20140703,2.65
20140704,2.65
20140707,2.65
20140708,2.65
20140709,2.65
20140710,2.65
20140711,2.65
20140714,2.65
20140715,2.65
20140716,2.65
20140717,2.65
20140718,2.65
20140721,2.65
20140722,2.65
20140723,2.65
20140724,2.65
20140725,2.65
20140728,2.65
20140729,2.65
20140730,2.65
20140731,2.65
20140801,2.65
20140804,2.65
20140805,2.65
20140806,2.65
20140807,2.65
20140808,2.65
20140811,2.63
20140812,2.62
20140813,2.61
20140814,2.46
20140818,2.43
20140819,2.42
20140820,2.42
20140821,2.42
20140822,2.41
20140825,2.41
20140826,2.4
20140827,2.4
20140828,2.4
20140829,2.4
20140901,2.4
20140902,2.36
20140903,2.36
20140904,2.35
20140905,2.35
20140911,2.35
20140912,2.35
20140915,2.35
20140916,2.35
20140917,2.35
20140918,2.35
20140919,2.35
20140922,2.35
20140923,2.35
20140924,2.35
20140925,2.35
20140926,2.35
20140929,2.35
20140930,2.35
20141001,2.35
20141002,2.35
20141006,2.35
20141007,2.31
20141008,2.3
20141010,2.29
20141013,2.28
20141014,2.28
20141015,2.18
20141016,2.17
20141017,2.17
20141020,2.16
20141021,2.15
20141022,2.15
20141023,2.14
20141024,2.14
20141027,2.14
20141028,2.14
20141029,2.14
20141030,2.14
20141031,2.14
20141103,2.14
20141104,2.14
20141105,2.14
20141106,2.14
20141107,2.14
20141110,2.14
20141111,2.14
20141112,2.14
20141113,2.14
20141114,2.14
20141117,2.14
20141118,2.14
20141119,2.14
20141120,2.14
20141121,2.14
20141124,2.14
20141125,2.13
20141126,2.13
20141127,2.13
20141128,2.13
20141201,2.13
20141202,2.13
20141203,2.13
20141204,2.13
20141205,2.13
20141208,2.13
20141209,2.13
20141210,2.13
20141211,2.13
20141212,2.13
20141215,2.13
20141216,2.13
20141217,2.13
20141218,2.13
20141219,2.13
20141222,2.13
20141223,2.13
20141224,2.13
20141226,2.13
20141229,2.13
20141230,2.13
20150102,2.13
20150105,2.13
20150106,2.13
20150107,2.13
20150108,2.13
20150109,2.13
20150112,2.13
20150113,2.13
20150114,2.13
20150115,2.13
20150116,2.13
20150119,2.13
20150120,2.13
20150121,2.13
20150122,2.13
20150123,2.13
20150126,2.13
20150127,2.13
20150128,2.12
20150129,2.12
20150130,2.12
20150202,2.12
20150203,2.12
20150204,2.12
20150205,2.12
20150206,2.12
20150209,2.12
20150210,2.12
20150211,2.12
20150212,2.12
20150213,2.12
20150216,2.12
20150217,2.12
20150223,2.12
20150224,2.1
20150225,2.1
20150226,2.1
20150227,2.1
20150302,2.1
20150303,2.1
20150304,2.1
20150305,2.1
20150306,2.1
20150309,2.1
20150310,2.1
20150311,2.1
20150312,1.91
20150313,1.9
20150316,1.89
20150317,1.88
20150318,1.87
20150319,1.87
20150320,1.86
20150323,1.86
20150324,1.86
20150325,1.86
20150326,1.86
20150327,1.86
20150330,1.85
20150331,1.85
20150401,1.85
20150402,1.85
20150403,1.85
20150406,1.85
20150407,1.83
20150408,1.83
20150409,1.82
20150410,1.8
20150413,1.8
20150414,1.8
20150415,1.8
20150416,1.8
20150417,1.8
20150420,1.8
20150421,1.8
20150422,1.8
20150423,1.8
20150424,1.8
20150427,1.8
20150428,1.8
20150429,1.8
20150430,1.8
20150504,1.8
20150506,1.8
20150507,1.8
20150508,1.8
20150511,1.8
20150512,1.8
20150513,1.8
20150514,1.8
20150515,1.8
20150518,1.8
20150519,1.8
20150520,1.8
20150521,1.8
20150522,1.8
20150526,1.8
20150527,1.8
20150528,1.8
20150529,1.8
20150601,1.8
20150602,1.8
20150603,1.8
20150604,1.8
20150605,1.8
20150608,1.8
20150609,1.8
20150610,1.8
20150611,1.65
20150612,1.65
20150615,1.65
20150616,1.65
20150617,1.65
20150618,1.65
20150619,1.65
20150622,1.65
20150623,1.65
20150624,1.65
20150625,1.65
20150626,1.65
20150629,1.65
20150630,1.65
20150701,1.65
20150702,1.65
20150703,1.65
20150706,1.65
20150707,1.65
20150708,1.65
20150709,1.65
20150710,1.65
20150713,1.65
20150714,1.65
20150715,1.65
20150716,1.65
20150717,1.65
20150720,1.65
20150721,1.65
20150722,1.65
20150723,1.65
20150724,1.65
20150727,1.64
20150728,1.64
20150729,1.64
20150730,1.64
20150731,1.64
20150803,1.64
20150804,1.64
20150805,1.64
20150806,1.64
20150807,1.64
20150810,1.64
20150811,1.64
20150812,1.64
20150813,1.64
20150817,1.64
20150818,1.64
20150819,1.64
20150820,1.64
20150821,1.64
20150824,1.64
20150825,1.64
20150826,1.64
20150827,1.64
20150828,1.64
20150831,1.63
20150901,1.63
20150902,1.61
20150903,1.61
20150904,1.6
20150907,1.6
20150908,1.6
20150909,1.6
20150910,1.6
20150911,1.6
20150914,1.6
20150915,1.6
20150916,1.6
20150917,1.6
20150918,1.6
20150921,1.6
20150922,1.6
20150923,1.6
20150924,1.6
20150925,1.6
20150930,1.59
20151001,1.59
20151002,1.59
20151005,1.59
20151006,1.59
20151007,1.59
20151008,1.59
20151012,1.59
20151013,1.58
20151014,1.57
20151015,1.57
20151016,1.57
20151019,1.57
20151020,1.57
20151021,1.57
20151022,1.57
20151023,1.57
20151026,1.57
20151027,1.57
20151028,1.57
20151029,1.57
20151030,1.57
20151102,1.57
20151103,1.57
20151104,1.57
20151105,1.57
20151106,1.57
20151109,1.57
20151110,1.57
20151111,1.57
20151112,1.58
20151113,1.58
20151116,1.58
20151117,1.58
20151118,1.58
20151119,1.58
20151120,1.58
20151123,1.59
20151124,1.59
20151125,1.59
20151126,1.62
20151127,1.62
20151130,1.66
20151201,1.67
20151202,1.67
20151203,1.67
20151204,1.67
20151207,1.67
20151208,1.67
20151209,1.67
20151210,1.67
20151211,1.67
20151214,1.67
20151215,1.67
20151216,1.67
20151217,1.67
20151218,1.67
20151221,1.67
20151222,1.67
20151223,1.67
20151224,1.67
20151228,1.67
20151229,1.67
20151230,1.67
20160104,1.67
20160105,1.67
20160106,1.67
20160107,1.67
20160108,1.67
20160111,1.67
20160112,1.67
20160113,1.67
20160114,1.67
20160115,1.67
20160118,1.67
20160119,1.67
20160120,1.67
20160121,1.67
20160122,1.67
20160125,1.65
20160126,1.65
20160127,1.65
20160128,1.65
20160129,1.65
20160201,1.65
20160202,1.65
20160203,1.65
20160204,1.65
20160205,1.65
20160211,1.64
20160212,1.64
20160215,1.64
20160216,1.63
20160217,1.63
20160218,1.63
20160219,1.63
20160222,1.63
20160223,1.63
20160224,1.63
20160225,1.63
20160226,1.63
20160229,1.63
20160302,1.63
20160303,1.63
20160304,1.63
20160307,1.63
20160308,1.63
20160309,1.63
20160310,1.63
20160311,1.63
20160314,1.63
20160315,1.63
20160316,1.63
20160317,1.63
20160318,1.63
20160321,1.63
20160322,1.63
20160323,1.63
20160324,1.63
20160325,1.63
20160328,1.61
20160329,1.61
20160330,1.61
20160331,1.61
20160401,1.61
20160404,1.61
20160405,1.61
20160406,1.61
20160407,1.61
20160408,1.61
20160411,1.61
20160412,1.61
20160414,1.61
20160415,1.61
20160418,1.61
20160419,1.61
20160420,1.61
20160421,1.61
20160422,1.61
20160425,1.61
20160426,1.61
20160427,1.61
20160428,1.61
20160429,1.61
20160502,1.61
20160503,1.61
20160504,1.61
20160509,1.61
20160510,1.6
20160511,1.6
20160512,1.6
20160513,1.6
20160516,1.58
20160517,1.58
20160518,1.58
20160519,1.56
20160520,1.56
20160523,1.56
20160524,1.56
20160525,1.56
20160526,1.56
20160527,1.56
20160530,1.56
20160531,1.56
20160601,1.56
20160602,1.56
20160603,1.56
20160607,1.56
20160608,1.56
20160609,1.39
20160610,1.39
20160613,1.39
20160614,1.39
20160615,1.39
20160616,1.39
20160617,1.39
20160620,1.39
20160621,1.39
20160622,1.39
20160623,1.39
20160624,1.37
20160627,1.37
20160628,1.37
20160629,1.37
20160630,1.37
20160701,1.37
20160704,1.37
20160705,1.37
20160706,1.37
20160707,1.36
20160708,1.36
20160711,1.36
20160712,1.36
20160713,1.36
20160714,1.36
20160715,1.36
20160718,1.36
20160719,1.36
20160720,1.36
20160721,1.36
20160722,1.36
20160725,1.36
20160726,1.36
20160727,1.36
20160728,1.36
20160729,1.36
20160801,1.36
20160802,1.36
20160803,1.36
20160804,1.36
20160805,1.36
20160808,1.36
20160809,1.36
20160810,1.36
20160811,1.35
20160812,1.35
20160816,1.35
20160817,1.35
20160818,1.34
20160819,1.34
20160822,1.34
20160823,1.34
20160824,1.34
20160825,1.34
20160826,1.34
20160829,1.34
20160830,1.34
20160831,1.34
20160901,1.34
20160902,1.34
20160905,1.34
20160906,1.34
20160907,1.34
20160908,1.34
20160909,1.34
20160912,1.34
20160913,1.34
20160919,1.34
20160920,1.34
20160921,1.34
20160922,1.34
20160923,1.34
20160926,1.34
20160927,1.34
20160928,1.34
20160929,1.34
20160930,1.34
20161004,1.34
20161005,1.34
20161006,1.34
20161007,1.34
20161010,1.34
20161011,1.34
20161012,1.34
20161013,1.34
20161014,1.34
20161017,1.34
20161018,1.34
20161019,1.34
20161020,1.34
20161021,1.36
20161024,1.37
20161025,1.38
20161026,1.39
20161027,1.39
20161028,1.39
20161031,1.39
20161101,1.39
20161102,1.39
20161103,1.39
20161104,1.39
20161107,1.39
20161108,1.39
20161109,1.39
20161110,1.39
20161111,1.39
20161114,1.39
20161115,1.39
20161116,1.39
20161117,1.4
20161118,1.4
20161121,1.41
20161122,1.42
20161123,1.43
20161124,1.46
20161125,1.48
20161128,1.49
20161129,1.52
20161130,1.52
20161201,1.53
20161202,1.54
20161205,1.54
20161206,1.54
20161207,1.54
20161208,1.54
20161209,1.54
20161212,1.54
20161213,1.54
20161214,1.54
20161215,1.54
20161216,1.54
20161219,1.54
20161220,1.54
20161221,1.54
20161222,1.54
20161223,1.54
20161226,1.54
20161227,1.54
20161228,1.53
20161229,1.52
20170102,1.52
20170103,1.52
20170104,1.51
20170105,1.51
20170106,1.49
20170109,1.49
20170110,1.49
20170111,1.49
20170112,1.49
20170113,1.49
20170116,1.49
20170117,1.49
20170118,1.49
20170119,1.49
20170120,1.49
20170123,1.49
20170124,1.49
20170125,1.49
20170126,1.49
20170131,1.49
20170201,1.49
20170202,1.49
20170203,1.49
20170206,1.49
20170207,1.49
20170208,1.49
20170209,1.49
20170210,1.49
20170213,1.49
20170214,1.49
20170215,1.49
20170216,1.49
20170217,1.49
20170220,1.49
20170221,1.49
20170222,1.49
20170223,1.49
20170224,1.49
20170227,1.49
20170228,1.49
20170302,1.49
20170303,1.49
20170306,1.49
20170307,1.49
20170308,1.49
20170309,1.49
20170310,1.49
20170313,1.49
20170314,1.49
20170315,1.49
20170316,1.48
20170317,1.48
20170320,1.48
20170321,1.48
20170322,1.48
20170323,1.47
20170324,1.47
20170327,1.47
20170328,1.47
20170329,1.45
20170330,1.45
20170331,1.45
20170403,1.45
20170404,1.45
20170405,1.45
20170406,1.45
20170407,1.45
20170410,1.45
20170411,1.45
20170412,1.43
20170413,1.43
20170414,1.42
20170417,1.42
20170418,1.42
20170419,1.42
20170420,1.42
20170421,1.42
20170424,1.42
20170425,1.42
20170426,1.41
20170427,1.41
20170428,1.41
20170502,1.41
20170504,1.41
20170508,1.41
20170510,1.41
20170511,1.4
20170512,1.4
20170515,1.4
20170516,1.4
20170517,1.39
20170518,1.39
20170519,1.39
20170522,1.39
20170523,1.38
20170524,1.38
20170525,1.38
20170526,1.38
20170529,1.38
20170530,1.38
20170531,1.38
20170601,1.38
20170602,1.38
20170605,1.38
20170607,1.38
20170608,1.38
20170609,1.38
20170612,1.38
20170613,1.38
20170614,1.38
20170615,1.38
20170616,1.38
20170619,1.38
20170620,1.38
20170621,1.38
20170622,1.38
20170623,1.38
20170626,1.38
20170627,1.38
20170628,1.38
20170629,1.38
20170630,1.38
20170703,1.38
20170704,1.38
20170705,1.38
20170706,1.39
20170707,1.39
20170710,1.39
20170711,1.39
20170712,1.39
20170713,1.39
20170714,1.39
20170717,1.39
20170718,1.39
20170719,1.39
20170720,1.39
20170721,1.39
20170724,1.39
20170725,1.39
20170726,1.39
20170727,1.39
20170728,1.39
20170731,1.39
20170801,1.39
20170802,1.39
20170803,1.39
20170804,1.39
20170807,1.39
20170808,1.39
20170809,1.39
20170810,1.39
20170811,1.39
20170814,1.39
20170816,1.39
20170817,1.39
20170818,1.39
20170821,1.39
20170822,1.39
20170823,1.39
20170824,1.39
20170825,1.39
20170828,1.39
20170829,1.38
20170830,1.38
20170831,1.38
20170901,1.38
20170904,1.38
20170905,1.38
20170906,1.38
20170907,1.38
20170908,1.38
20170911,1.38
20170912,1.38
20170913,1.38
20170914,1.38
20170915,1.38
20170918,1.38
20170919,1.38
20170920,1.38
20170921,1.38
20170922,1.38
20170925,1.38
20170926,1.38
20170927,1.38
20170928,1.38
20170929,1.38
20171010,1.38
20171011,1.38
20171012,1.38
20171013,1.38
20171016,1.38
20171017,1.38
20171018,1.38
20171019,1.38
20171020,1.38
20171023,1.38
20171024,1.38
20171025,1.38
20171026,1.38
20171027,1.4
20171030,1.4
20171031,1.4
20171101,1.4
20171102,1.4
20171103,1.4
20171106,1.4
20171107,1.4
20171108,1.4
20171109,1.4
20171110,1.4
20171113,1.41
20171114,1.42
20171115,1.43
20171116,1.44
20171117,1.45
20171120,1.46
20171121,1.47
20171122,1.48
20171123,1.49
20171124,1.5
20171127,1.5
20171128,1.5
20171129,1.51
20171130,1.64
20171201,1.66
20171204,1.66
20171205,1.66
20171206,1.66
20171207,1.66
20171208,1.66
20171211,1.66
20171212,1.66
20171213,1.66
20171214,1.66
20171215,1.66
20171218,1.66
20171219,1.66
20171220,1.66
20171221,1.66
20171222,1.66
20171226,1.66
20171227,1.66
20171228,1.66
20180102,1.66
20180103,1.66
20180104,1.66
20180105,1.66
20180108,1.66
20180109,1.66
20180110,1.66
20180111,1.66
20180112,1.66
20180115,1.66
20180116,1.66
20180117,1.65
20180118,1.65
20180119,1.65
20180122,1.65
20180123,1.65
20180124,1.65
20180125,1.65
20180126,1.65
20180129,1.65
20180130,1.65
20180131,1.65
20180201,1.65
20180202,1.65
20180205,1.65
20180206,1.65
20180207,1.65
20180208,1.65
20180209,1.65
20180212,1.65
20180213,1.65
20180214,1.65
20180219,1.65
20180220,1.65
20180221,1.65
20180222,1.65
20180223,1.65
20180226,1.65
20180227,1.65
20180228,1.65
20180302,1.65
20180305,1.65
20180306,1.65
20180307,1.65
20180308,1.65
20180309,1.65
20180312,1.65
20180313,1.65
20180314,1.65
20180315,1.65
20180316,1.65
20180319,1.65
20180320,1.65
20180321,1.65
20180322,1.65
20180323,1.65
20180326,1.65
20180327,1.65
20180328,1.65
20180329,1.65
20180330,1.65
20180402,1.65
20180403,1.65
20180404,1.65
20180405,1.65
20180406,1.65
20180409,1.65
20180410,1.65
20180411,1.65
20180412,1.65
20180413,1.65
20180416,1.65
20180417,1.65
20180418,1.65
20180419,1.65
20180420,1.65
20180423,1.65
20180424,1.65
20180425,1.65
20180426,1.65
20180427,1.65
20180430,1.65
20180502,1.65
20180503,1.65
20180504,1.65
20180508,1.65
20180509,1.65
20180510,1.65
20180511,1.65
20180514,1.65
20180515,1.65
20180516,1.65
20180517,1.65
20180518,1.65
20180521,1.65
20180523,1.65
20180524,1.65
20180525,1.65
20180528,1.65
20180529,1.65
20180530,1.65
20180531,1.65
20180601,1.65
20180604,1.65
20180605,1.65
20180607,1.65
20180608,1.65
20180611,1.65
20180612,1.65
20180614,1.65
20180615,1.65
20180618,1.65
20180619,1.65
20180620,1.65
20180621,1.65
20180622,1.65
20180625,1.65
20180626,1.65
20180627,1.65
20180628,1.65
20180629,1.65
20180702,1.65
20180703,1.65
20180704,1.65
20180705,1.65
20180706,1.65
20180709,1.65
20180710,1.65
20180711,1.65
20180712,1.65
20180713,1.65
20180716,1.65
20180717,1.65
20180718,1.65
20180719,1.65
20180720,1.65
20180723,1.65
20180724,1.65
20180725,1.65
20180726,1.65
20180727,1.65
20180730,1.65
20180731,1.65
20180801,1.65
20180802,1.65
20180803,1.65
20180806,1.65
20180807,1.65
20180808,1.65
20180809,1.65
20180810,1.65
20180813,1.65
20180814,1.65
20180816,1.65
20180817,1.65
20180820,1.65
20180821,1.65
20180822,1.65
20180823,1.65
20180824,1.65
20180827,1.65
20180828,1.65
20180829,1.65
20180830,1.65
20180831,1.65
20180903,1.65
20180904,1.65
20180905,1.65
20180906,1.65
20180907,1.65
20180910,1.65
20180911,1.65
20180912,1.65
20180913,1.65
20180914,1.65
20180917,1.65
20180918,1.65
20180919,1.65
20180920,1.65
20180921,1.65
20180927,1.65
20180928,1.65
20181001,1.65
20181002,1.65
20181004,1.65
20181005,1.65
20181008,1.65
20181010,1.65
20181011,1.65
20181012,1.66
20181015,1.67
20181016,1.68
20181017,1.68
20181018,1.69
20181019,1.7
20181022,1.7
20181023,1.7
20181024,1.7
20181025,1.7
20181026,1.7
20181029,1.7
20181030,1.7
20181031,1.7
20181101,1.7
20181102,1.7
20181105,1.7
20181106,1.7
20181107,1.7
20181108,1.7
20181109,1.7
20181112,1.7
20181113,1.7
20181114,1.7
20181115,1.7
20181116,1.7
20181119,1.7
20181120,1.7
20181121,1.7
20181122,1.7
20181123,1.7
20181126,1.7
20181127,1.7
20181128,1.7
20181129,1.7
20181130,1.9
20181203,1.9
20181204,1.9
20181205,1.9
20181206,1.9
20181207,1.9
20181210,1.9
20181211,1.9
20181212,1.9
20181213,1.9
20181214,1.9
20181217,1.9
20181218,1.9
20181219,1.9
20181220,1.9
20181221,1.9
20181224,1.9
20181226,1.92
20181227,1.92
20181228,1.93
20190102,1.93
20190103,1.92
20190104,1.86
20190107,1.86
20190108,1.86
20190109,1.86
20190110,1.86
20190111,1.86
20190114,1.86
20190115,1.86
20190116,1.86
20190117,1.86
20190118,1.86
20190121,1.86
20190122,1.86
20190123,1.86
20190124,1.86
20190125,1.86
20190128,1.86
20190129,1.86
20190130,1.86
20190131,1.86
20190201,1.86
20190207,1.86
20190208,1.86
20190211,1.86
20190212,1.86
20190213,1.86
20190214,1.86
20190215,1.86
20190218,1.87
20190219,1.88
20190220,1.89
20190221,1.89
20190222,1.89
20190225,1.89
20190226,1.89
20190227,1.89
20190228,1.89
20190304,1.89
20190305,1.89
20190306,1.89
20190307,1.89
20190308,1.89
20190311,1.89
20190312,1.89
20190313,1.89
20190314,1.89
20190315,1.9
20190318,1.9
20190319,1.9
20190320,1.9
20190321,1.9
20190322,1.9
20190325,1.9
20190326,1.9
20190327,1.9
20190328,1.9
20190329,1.9
20190401,1.9
20190402,1.89
20190403,1.87
20190404,1.87
20190405,1.86
20190408,1.86
20190409,1.86
20190410,1.86
20190411,1.86
20190412,1.86
20190415,1.86
20190416,1.86
20190417,1.86
20190418,1.86
20190419,1.86
20190422,1.85
20190423,1.85
20190424,1.85
20190425,1.85
20190426,1.84
20190429,1.84
20190430,1.84
20190502,1.84
20190503,1.84
20190507,1.84
20190508,1.84
20190509,1.84
20190510,1.84
20190513,1.84
20190514,1.84
20190515,1.84
20190516,1.84
